frente;verso;tags
Em que ano foi proclamada a Independência do Brasil?;1822;historia brasil
Quem proclamou a República no Brasil?;Marechal Deodoro da Fonseca, em 1889;historia brasil
Em que ano foi assinada a Lei Áurea?;1888;historia brasil
Qual era a capital do Brasil antes de Brasília?;Rio de Janeiro;historia brasil
Em que ano Brasília foi inaugurada?;1960;historia brasil
Em que ano caiu o Muro de Berlim?;1989;historia mundo
Quando começou a Primeira Guerra Mundial?;1914;historia mundo
Quando terminou a Segunda Guerra Mundial?;1945;historia mundo
Em que ano começou a Revolução Francesa?;1789;historia mundo
Que evento marca o início da Idade Moderna, segundo a divisão tradicional?;A tomada de Constantinopla, em 1453;historia periodos
Em que ano o homem pisou na Lua pela primeira vez?;1969;historia mundo
Qual civilização construiu Machu Picchu?;Os incas;historia america
