front,back,tags
"What does ""although"" mean?","embora / apesar","ingles conectivos"
"Hello","Olá","ingles saudacoes"
"Good morning","Bom dia","ingles saudacoes"
"Good night","Boa noite","ingles saudacoes"
"How are you?","Como você está?","ingles saudacoes"
"Thank you","Obrigado(a)","ingles cortesia"
"You're welcome","De nada","ingles cortesia"
"Excuse me","Com licença","ingles cortesia"
"However","No entanto / porém","ingles conectivos"
"Therefore","Portanto","ingles conectivos"
"Meanwhile","Enquanto isso","ingles conectivos"
"Despite","Apesar de","ingles conectivos"
"To borrow","Pegar emprestado","ingles verbos"
"To lend","Emprestar (para alguém)","ingles verbos"
"To realize","Perceber / dar-se conta","ingles verbos falsos_cognatos"
"Actually","Na verdade","ingles falsos_cognatos"
"Pretend","Fingir","ingles falsos_cognatos"
"Push","Empurrar","ingles falsos_cognatos"
"Library","Biblioteca","ingles falsos_cognatos"
"Parents","Pais (pai e mãe)","ingles falsos_cognatos"
"Weather","Tempo (clima)","ingles substantivos"
"Knowledge","Conhecimento","ingles substantivos"
"Neighbor","Vizinho(a)","ingles substantivos"
"Tomorrow","Amanhã","ingles tempo"
"Yesterday","Ontem","ingles tempo"
