frente,verso,tags
"O que é uma função pura?","Uma função cujo resultado depende só dos argumentos e que não tem efeitos colaterais.","programacao conceitos"
"O que significa idempotente?","Executar a operação várias vezes produz o mesmo resultado que executá-la uma vez.","programacao conceitos"
"Complexidade da busca binária","O(log n)","programacao algoritmos"
"Complexidade de ordenar por comparação (melhor caso possível)","O(n log n)","programacao algoritmos"
"O que é uma race condition?","Um erro em que o resultado depende da ordem imprevisível de execução de tarefas concorrentes.","programacao concorrencia"
"Kotlin: diferença entre val e var","val é uma referência somente leitura; var pode ser reatribuída.","programacao kotlin"
"Kotlin: o que faz o operador ?:","Elvis: usa o valor da direita quando o da esquerda é nulo.","programacao kotlin"
"Kotlin: o que é uma data class?","Uma classe que gera equals, hashCode, toString e copy a partir das propriedades do construtor.","programacao kotlin"
"O que é um índice em um banco de dados?","Uma estrutura auxiliar que acelera buscas por uma ou mais colunas, ao custo de espaço e escrita.","programacao banco_de_dados"
"SQL: diferença entre WHERE e HAVING","WHERE filtra linhas antes do agrupamento; HAVING filtra grupos depois do GROUP BY.","programacao sql"
"Git: o que faz git rebase?","Reaplica os commits de um branch sobre outra base, reescrevendo o histórico.","programacao git"
"HTTP: código 404","Recurso não encontrado.","programacao http"
"HTTP: código 409","Conflito com o estado atual do recurso.","programacao http"
"O que é MVVM?","Model-View-ViewModel: a View observa o estado exposto pelo ViewModel, que conversa com o Model.","programacao arquitetura"
"O que é um teste unitário?","Um teste que verifica uma unidade pequena de código isolada das suas dependências.","programacao testes"
